"contract_id","expiry","strike","bid","ask","last","market_price","volume","open_int","iv_yahoo"
"AAPL260618C00200000",2026-06-18,200,80.25,82.6,81.33,81.425,53,6549,0.600345793457031
"AAPL260618C00205000",2026-06-18,205,75.25,77.8,79.95,76.525,19,3930,0.573490593261719
"AAPL260618C00210000",2026-06-18,210,70.75,72.05,71.19,71.4,49,5438,0.525883647460938
"AAPL260618C00215000",2026-06-18,215,65.75,67.2,68.99,66.475,86,4089,0.553105054931641
"AAPL260618C00220000",2026-06-18,220,60.55,62.5,61.43,61.525,62,6160,0.534916760253906
"AAPL260618C00225000",2026-06-18,225,56.25,57.45,57.22,56.85,25,5013,0.493901545410156
"AAPL260618C00230000",2026-06-18,230,51.1,52.05,51.99,51.575,69,9556,0.432744930419922
"AAPL260618C00235000",2026-06-18,235,46.3,47.8,47,47.05,54,6482,0.437627694091797
"AAPL260618C00240000",2026-06-18,240,41.95,42.6,42,42.275,107,6230,0.389776610107422
"AAPL260618C00245000",2026-06-18,245,37.2,37.75,38.09,37.475,61,4013,0.35938140625
"AAPL260618C00250000",2026-06-18,250,32.55,33.15,32.9,32.85,389,17727,0.338324487915039
"AAPL260618C00255000",2026-06-18,255,28.25,28.65,28.56,28.45,316,7268,0.317877915039062
"AAPL260618C00260000",2026-06-18,260,24,24.35,23.95,24.175,1029,21261,0.300361000366211
"AAPL260618C00265000",2026-06-18,265,20,20.35,20.02,20.175,847,10828,0.286872365722656
"AAPL260618C00270000",2026-06-18,270,16.35,16.6,16.4,16.475,3140,29821,0.273810972900391
"AAPL260618C00275000",2026-06-18,275,13,13.2,13.1,13.1,2818,22015,0.26251958190918
"AAPL260618C00280000",2026-06-18,280,10.05,10.25,10.15,10.15,5538,44846,0.253944228210449
"AAPL260618C00285000",2026-06-18,285,7.65,7.75,7.7,7.7,5679,19545,0.247077841796875
"AAPL260618C00290000",2026-06-18,290,5.55,5.75,5.65,5.65,7293,28328,0.242866458129883
"AAPL260618C00295000",2026-06-18,295,4,4.15,4.1,4.075,5491,21254,0.239326454467773
"AAPL260618C00300000",2026-06-18,300,2.82,2.91,2.91,2.865,27403,92899,0.236152658081055
"AAPL260618C00305000",2026-06-18,305,1.97,2.03,2.01,2,3559,8040,0.235359208984375
"AAPL260618C00310000",2026-06-18,310,1.36,1.41,1.4,1.385,5877,40135,0.235969554443359
"AAPL260618C00315000",2026-06-18,315,0.95,0.98,0.97,0.965,6077,5853,0.237678521728516
"AAPL260618C00320000",2026-06-18,320,0.65,0.68,0.68,0.665,3132,10148,0.239875765380859
"AAPL260618C00325000",2026-06-18,325,0.44,0.48,0.46,0.46,2571,2178,0.243293699951172
"AAPL260618C00330000",2026-06-18,330,0.31,0.33,0.33,0.32,1746,6364,0.245613012695312
"AAPL260618C00335000",2026-06-18,335,0.18,0.27,0.25,0.225,387,1371,0.255134401855469
"AAPL260618C00340000",2026-06-18,340,0.15,0.18,0.17,0.165,167,7797,0.256355092773437
"AAPL260618C00345000",2026-06-18,345,0.1,0.14,0.22,0.12,14,2605,0.262702685546875
"AAPL260618C00350000",2026-06-18,350,0.07,0.1,0.09,0.085,707,6326,0.266120620117188
"AAPL260618C00355000",2026-06-18,355,0.04,0.1,0.08,0.07,14,47,0.280768911132812
"AAPL260618C00360000",2026-06-18,360,0.04,0.07,0.06,0.055,1399,4694,0.282233740234375
