"contract_id","expiry","strike","bid","ask","last","market_price","volume","open_int","iv_yahoo"
"AAPL261120C00235000",2026-11-20,235,98.4,100.25,100.22,99.325,5,168,0.608646491699219
"AAPL261120C00240000",2026-11-20,240,92.55,95.15,91.53,93.85,1,409,0.532719516601562
"AAPL261120C00245000",2026-11-20,245,87.6,90.15,90.41,88.875,1,1845,0.506962938232422
"AAPL261120C00250000",2026-11-20,250,82.85,85.9,84.35,84.375,25,463,0.522343643798828
"AAPL261120C00255000",2026-11-20,255,78.2,80.85,80.5,79.525,10,1259,0.5039112109375
"AAPL261120C00260000",2026-11-20,260,72.85,75.9,74,74.375,2,1076,0.554814022216797
"AAPL261120C00265000",2026-11-20,265,67.95,70.5,69.7,69.225,4,1085,0.501836036376953
"AAPL261120C00270000",2026-11-20,270,63.1,65.65,64.3,64.375,71,6545,0.477971528930664
"AAPL261120C00275000",2026-11-20,275,58.75,61.5,59.98,60.125,8,3001,0.48438015625
"AAPL261120C00280000",2026-11-20,280,54,56.45,55.75,55.225,14,2019,0.449468395996094
"AAPL261120C00285000",2026-11-20,285,49.35,51.3,50.81,50.325,9,2118,0.410833528442383
"AAPL261120C00290000",2026-11-20,290,44.9,46.35,47.17,45.625,31,1772,0.380316255493164
"AAPL261120C00295000",2026-11-20,295,40.6,42.1,41.5,41.35,3,1362,0.373724524536133
"AAPL261120C00300000",2026-11-20,300,36.05,37.2,37.2,36.625,31,6401,0.342902078857422
"AAPL261120C00305000",2026-11-20,305,31.25,33,32.32,32.125,210,3561,0.331915860595703
"AAPL261120C00310000",2026-11-20,310,27.5,28.9,28.03,28.2,26,13413,0.319831020507812
"AAPL261120C00315000",2026-11-20,315,23.8,24.95,25.09,24.375,140,5584,0.307563076782226
"AAPL261120C00320000",2026-11-20,320,20.5,22,21,21.25,66,6692,0.313910669555664
"AAPL261120C00325000",2026-11-20,325,17.15,18.55,17.33,17.85,85,10849,0.302924451293945
"AAPL261120C00330000",2026-11-20,330,14.3,15.05,14.35,14.675,1193,11247,0.285773743896484
"AAPL261120C00335000",2026-11-20,335,11.6,12,11.73,11.8,809,8397,0.272590281982422
"AAPL261120C00340000",2026-11-20,340,9.25,9.6,9.3,9.425,818,12025,0.266730965576172
"AAPL261120C00345000",2026-11-20,345,7.2,7.65,7.15,7.425,557,7284,0.263984411010742
"AAPL261120C00350000",2026-11-20,350,5.55,5.75,5.65,5.65,1580,16870,0.255500609130859
"AAPL261120C00355000",2026-11-20,355,4.15,4.4,4.25,4.275,420,13283,0.25312026184082
"AAPL261120C00360000",2026-11-20,360,3.1,3.35,3.2,3.225,2837,16742,0.252143709106445
"AAPL261120C00365000",2026-11-20,365,2.22,2.49,2.31,2.355,302,8338,0.250495776367187
"AAPL261120C00370000",2026-11-20,370,1.59,1.74,1.71,1.665,479,10544,0.245735081787109
"AAPL261120C00375000",2026-11-20,375,1.15,1.32,1.22,1.235,451,4777,0.248115429077148
"AAPL261120C00380000",2026-11-20,380,0.8,0.92,0.88,0.86,209,6645,0.245979219970703
"AAPL261120C00385000",2026-11-20,385,0.6,0.66,0.65,0.63,110,2083,0.246345427246094
"AAPL261120C00390000",2026-11-20,390,0.43,0.5,0.44,0.465,57,5155,0.249763361816406
"AAPL261120C00395000",2026-11-20,395,0.29,0.37,0.34,0.33,2,1642,0.25196060546875
"AAPL261120C00400000",2026-11-20,400,0.23,0.25,0.25,0.24,219,37118,0.250984052734375
"AAPL261120C00405000",2026-11-20,405,0.15,0.23,0.18,0.19,31,169,0.2617261328125
"AAPL261120C00410000",2026-11-20,410,0.11,0.19,0.16,0.15,1,1748,0.267829587402344
"AAPL261120C00415000",2026-11-20,415,0.04,0.19,0.15,0.115,19,157,0.280768911132812
"AAPL261120C00420000",2026-11-20,420,0.1,0.13,0.11,0.115,1278,5300,0.27930408203125
"AAPL261120C00425000",2026-11-20,425,0.05,0.13,0.08,0.09,1,82,0.291510991210937
"AAPL261120C00430000",2026-11-20,430,0.05,0.1,0.01,0.075,1,1397,0.293952373046875
